id,category,subcategory,name,type,features,openness,nais,naisuse,priority,maturity,grade,score,verify,provider,provider_group,released,released_status,url,repo_url,canonical_id,note,status,superseded_by,last_verified
AG017,AI 과학자·자율 연구 Agent,생명과학 연구환경,Claude Science,상용·플랫폼,"Claude 기반 생명과학 연구환경, 문헌·데이터·코드·도구 연계",상용 베타,연구자용 통합 Agent UX 참고,벤치마킹/도입 검토,상,상,핵심(즉시),100,확인완료,Anthropic,Anthropic,2026.06,베타,https://claude.com/product/claude-science,,,새 모델이 아니라 과학 도구·DB·컴퓨트 연계를 포함한 연구 workbench/app 성격으로 관리 권장.,active,,2026-07-05
AG018,AI 과학자·자율 연구 Agent,상용 연구 플랫폼,Microsoft Discovery,상용·플랫폼,그래프 지식엔진 기반으로 데이터분석·가설생성·실험·지식관리를 다중 Agent로 조율하는 R&D 플랫폼(2026 GA),상용(Azure),대규모 산업·연구 R&D Agent 플랫폼 벤치마킹,벤치마킹/도입 검토,상,상,핵심(즉시),100,확인완료,Microsoft,Microsoft,2026.06,GA (이전: 2025.05),https://azure.microsoft.com/products/microsoft-discovery,,,,active,,2026-07-05
AG013,AI 과학자·자율 연구 Agent,범용 과학 모델,ScienceOne-AI,상용·플랫폼,"과학 기반 대모델과 다중 Agent를 결합해 문헌, 계산, 과학 문제 해결 지원",플랫폼+모델 공개,NAIS 과학기반 모델·Agent 플랫폼 참고,벤치마킹/도입 검토,상,상,핵심(즉시),100,확인완료,중국과학원 자동화연구소(CAS),,2025.04,,https://github.com/ScienceOne-AI,https://github.com/ScienceOne-AI,,,active,,2026-07-05
AG041,문헌조사·학술검색 Agent,학술근거 검색,Consensus,상용 Agent·서비스,논문 근거 기반 질문 답변과 합의 수준 제시,상용 서비스,근거 기반 문헌조사 Agent 참고,벤치마킹/도입 검토,상,상,핵심(즉시),100,확인완료,Consensus,,2022,,https://consensus.app,,,,active,,2026-07-05
AG040,문헌조사·학술검색 Agent,학술검색,Elicit,상용 Agent·서비스,"논문 검색, 요약, 비교, 연구질문별 근거 정리",상용 서비스,출연연 문헌조사 수요에 직접 적합,벤치마킹/도입 검토,상,상,핵심(즉시),100,확인완료,Elicit (Ought),,2021,,https://elicit.com,,,,active,,2026-07-05
AG037,문헌조사·학술검색 Agent,심층 조사,Gemini Deep Research Agent,상용 Agent·서비스,Google Gemini 기반 심층 조사·보고서 생성,상용 서비스,문헌·기술동향 조사 Agent 참고,벤치마킹/도입 검토,상,상,핵심(즉시),100,확인완료,Google,Google,2024.12,,https://gemini.google.com,,,,active,,2026-07-05
AG054,문헌조사·학술검색 Agent,노트 기반 연구,NotebookLM Deep Research,상용 Agent·서비스,업로드 자료와 웹 기반 조사·정리 지원,상용/Google 서비스,내부문서·보고서 요약 Agent 참고,벤치마킹/도입 검토,상,상,핵심(즉시),100,확인완료,Google,Google,2025,,https://notebooklm.google,,,,active,,2026-07-05
AG036,문헌조사·학술검색 Agent,심층 조사,OpenAI Deep Research,상용 Agent·서비스,웹과 문헌을 탐색해 출처 기반 심층 보고서 생성,상용 서비스,전 출연연 공통 문헌조사 Agent 벤치마킹,벤치마킹/도입 검토,상,상,핵심(즉시),100,확인완료,OpenAI,OpenAI,2025.02,,https://openai.com,,,,active,,2026-07-05
AG038,문헌조사·학술검색 Agent,심층 조사,Perplexity Deep Research,상용 Agent·서비스,웹 검색 기반 심층 조사와 출처 기반 답변 생성,상용 서비스,빠른 기술동향 조사 Agent 참고,벤치마킹/도입 검토,상,상,핵심(즉시),100,확인완료,Perplexity AI,Perplexity,2025.02,,https://www.perplexity.ai,,,,active,,2026-07-05
AG042,문헌조사·학술검색 Agent,논문해석,SciSpace,상용 Agent·서비스,"논문 읽기, 요약, 설명, 질의응답 지원",상용 서비스,연구자 논문해석 Agent 참고,벤치마킹/도입 검토,상,상,핵심(즉시),100,확인완료,SciSpace (Typeset),SciSpace,2020,,https://scispace.com,,,,active,,2026-07-05
AG027,민간 AI 과학자 플랫폼·FutureHouse Agent군,문헌·과학 질의,Crow,상용·플랫폼,과학 질문에 대해 근거 기반 답변과 문헌 조사 지원,상용/플랫폼,문헌·DB 조사 Agent 벤치마킹,벤치마킹/도입 검토,상,상,핵심(즉시),100,확인완료,FutureHouse,FutureHouse,2025.05,,https://platform.futurehouse.org,,,,active,,2026-07-05
AG028,민간 AI 과학자 플랫폼·FutureHouse Agent군,문헌 탐색,Falcon,상용·플랫폼,과학 문헌 검색·탐색 특화 Agent,상용/플랫폼,선행연구 조사 Agent 참고,벤치마킹/도입 검토,상,상,핵심(즉시),100,확인완료,FutureHouse,FutureHouse,2025.05,,https://platform.futurehouse.org,,,,active,,2026-07-05
AG029,민간 AI 과학자 플랫폼·FutureHouse Agent군,논문 해석,Owl,상용·플랫폼,논문·자료 해석과 과학적 질의응답 지원,상용/플랫폼,논문 해석·요약 Agent 참고,벤치마킹/도입 검토,상,상,핵심(즉시),100,확인완료,FutureHouse,FutureHouse,2025.05,,https://platform.futurehouse.org,,,,active,,2026-07-05
AG032,민간 AI 과학자 플랫폼·FutureHouse Agent군,논문 질의응답,PaperQA,상용·플랫폼,논문 기반 질의응답·근거 검색 시스템,오픈소스/플랫폼,내부문헌 RAG Agent 참고,벤치마킹/도입 검토,상,상,핵심(즉시),100,확인완료,FutureHouse,FutureHouse,2023,,https://github.com/Future-House/paper-qa,https://github.com/Future-House/paper-qa,AG033,PaperQA2와 같은 계열. 전신/패키지명으로 관리하거나 PaperQA2 중심으로 통합 가능.,active,,2026-07-05
AG033,민간 AI 과학자 플랫폼·FutureHouse Agent군,논문 질의응답,PaperQA2,상용·플랫폼,PaperQA 후속 논문 질의응답 시스템,오픈소스/플랫폼,연구문헌 Q&A Agent 참고,벤치마킹/도입 검토,상,상,핵심(즉시),100,확인완료,FutureHouse,FutureHouse,2024.09,,https://github.com/Future-House/paper-qa,https://github.com/Future-House/paper-qa,,PaperQA 계열 최신 Agent로 관리. PaperQA와 중복 집계 주의.,active,,2026-07-05
AG034,민간 AI 과학자 플랫폼·FutureHouse Agent군,생물학 자동화,Robin,상용·플랫폼,생물학 연구 자동화·실험 설계 지원 Agent,상용/연구 플랫폼,바이오·실험설계 Agent 참고,벤치마킹/도입 검토,상,상,핵심(즉시),100,확인완료,FutureHouse,FutureHouse,2025.05,,https://github.com/Future-House/robin,https://github.com/Future-House/robin,,,active,,2026-07-05
AG058,바이오·의생명 연구 Agent,바이오 분석 플랫폼,Biomni Lab,상용·플랫폼,Biomni를 연구자가 쉽게 쓰도록 만든 실험·분석 환경,플랫폼형,바이오 연구자용 UX 참고,벤치마킹/도입 검토,상,상,핵심(즉시),100,확인완료,Stanford (Zou Lab),Stanford-Zou-Lab,2025,,https://biomni.stanford.edu,,AG057,,active,,2026-07-05
AG091,코딩·연구자동화 Agent,범용 실행 Agent,ChatGPT Agent,상용 Agent·서비스,"웹, 코드, 파일, 도구를 사용해 연구·업무 작업 수행",상용 서비스,연구 자동화 UX 참고,벤치마킹/도입 검토,상,상,핵심(즉시),100,확인완료,OpenAI,OpenAI,2025.07,,https://openai.com,,,,active,,2026-07-05
AG092,코딩·연구자동화 Agent,코딩 Agent,Claude Code,상용 Agent·서비스,"터미널·프로젝트 기반 코드 수정, 분석, 테스트 지원",상용 서비스,내부망 코딩 Agent UX 참고,벤치마킹/도입 검토,상,상,핵심(즉시),100,확인완료,Anthropic,Anthropic,2025.02,,https://claude.com/product/claude-code,,,,active,,2026-07-05
AG093,코딩·연구자동화 Agent,IDE Agent,Cursor Agents,상용 Agent·서비스,IDE 내 코드 작성·수정·검색·자동화 지원,상용 서비스,연구자 개발환경 Agent 참고,벤치마킹/도입 검토,상,상,핵심(즉시),100,확인완료,Anysphere (Cursor),,2025,,https://cursor.com,,,,active,,2026-07-05
AG095,코딩·연구자동화 Agent,코딩 Agent,GitHub Copilot Coding Agent,상용 Agent·서비스,GitHub 이슈 기반 코드 수정·PR 생성 지원,상용 서비스,출연연 소스관리·코딩 Agent 참고,벤치마킹/도입 검토,상,상,핵심(즉시),100,확인완료,GitHub (Microsoft),,2025.05,,https://github.com/features/copilot,https://github.com/features/copilot,,,active,,2026-07-05
AG090,코딩·연구자동화 Agent,코딩 Agent,OpenAI Codex,상용 Agent·서비스,"코드 생성, 수정, 테스트, 프로젝트 이해를 지원하는 코딩 Agent",상용 서비스,보안형 코딩 Agent·연구코드 Agent 참고,벤치마킹/도입 검토,상,상,핵심(즉시),100,확인완료,OpenAI,OpenAI,2025.05,,https://openai.com/codex,,,,active,,2026-07-05
AG098,코딩·연구자동화 Agent,개발 Agent 플랫폼,OpenHands,상용 Agent·서비스,"코드 수정, 명령 실행, 브라우징, API 호출 등을 수행하는 오픈소스 개발 Agent 플랫폼",오픈소스+상용,자체 코딩 Agent 구축 백본 후보,벤치마킹/도입 검토,상,상,핵심(즉시),100,확인완료,All Hands AI,,2024.03,,https://github.com/All-Hands-AI/OpenHands,https://github.com/All-Hands-AI/OpenHands,,,active,,2026-07-05
AG094,코딩·연구자동화 Agent,IDE Agent,Windsurf,상용 Agent·서비스,Agentic IDE 기반 코드 작성·수정 지원,상용 서비스,연구용 코드 개발 Agent 참고,벤치마킹/도입 검토,상,상,핵심(즉시),100,확인완료,Windsurf (Codeium),,2024.11,,https://windsurf.com,,,,active,,2026-07-05
AG004,AI 과학자·자율 연구 Agent,연구 전주기 자동화,Agent Laboratory,오픈소스 Agent·프로젝트,"문헌조사, 실험, 분석, 논문작성 등 연구 프로세스를 Agent workflow로 자동화",오픈소스·논문/프로젝트형,NAIS 연구 자동화 PoC 구조 참고,PoC 후보/자체개발 참고,상,중,핵심(즉시),95,확인완료,AMD·Johns Hopkins,,2025.01,,https://github.com/SamuelSchmidgall/AgentLaboratory,https://github.com/SamuelSchmidgall/AgentLaboratory,,,active,,2026-07-05
AG015,AI 과학자·자율 연구 Agent,멀티 Agent 연구,Denario,오픈소스 Agent·프로젝트,"아이디어 생성, 문헌검토, 코드 실행, 플롯, 논문 작성·리뷰를 수행하는 모듈형 과학 연구 Agent",오픈소스,NAIS 자체 연구 Agent PoC 참고,PoC 후보/자체개발 참고,상,중,핵심(즉시),95,확인완료,AstroPilot-AI,,2025.10,,https://github.com/AstroPilot-AI/Denario,https://github.com/AstroPilot-AI/Denario,,,active,,2026-07-05
AG016,AI 과학자·자율 연구 Agent,자기진화형 연구,EvoScientist,오픈소스 Agent·프로젝트,"계획, 조사, 코딩, 디버깅, 평가 등을 자기진화형 멀티 Agent로 수행",오픈소스,Agent skills·MCP 기반 확장 구조 참고,PoC 후보/자체개발 참고,상,중,핵심(즉시),95,확인완료,Xiaoyi DeepResearch,,2026.03,,https://github.com/EvoScientist/EvoScientist,https://github.com/EvoScientist/EvoScientist,,,active,,2026-07-05
AG001,AI 과학자·자율 연구 Agent,연구 전주기 자동화,The AI Scientist,오픈소스 Agent·프로젝트,"아이디어 생성, 문헌검색, 실험계획, 코드 실행, 결과분석, 논문작성, 자동 리뷰까지 수행하는 자율 연구 Agent",오픈소스·논문 기반,NAIS의 “AI 과학자” 벤치마킹 핵심 사례,PoC 후보/자체개발 참고,상,중,핵심(즉시),95,확인완료,Sakana AI,Sakana-AI,2024.08,,https://github.com/SakanaAI/AI-Scientist,https://github.com/SakanaAI/AI-Scientist,,,active,,2026-07-05
AG002,AI 과학자·자율 연구 Agent,연구 전주기 자동화,The AI Scientist-v2,오픈소스 Agent·프로젝트,템플릿 의존성을 줄이고 연구 자동화 범위를 확장한 The AI Scientist 후속 버전,오픈소스·논문 기반,장기적으로 연구 자동화 Agent 구조 참고 가능,PoC 후보/자체개발 참고,상,중,핵심(즉시),95,확인완료,Sakana AI,Sakana-AI,2025.04,,https://github.com/SakanaAI/AI-Scientist-v2,https://github.com/SakanaAI/AI-Scientist-v2,,,active,,2026-07-05
AG100,Agent 프레임워크·오케스트레이션,다중 Agent,AutoGen,Agent 프레임워크,다중 Agent 애플리케이션 개발 프레임워크,오픈소스,NAIS Agent 오케스트레이션 참고,자체개발 기반 후보,상,중,핵심(즉시),95,확인완료,Microsoft,Microsoft,2023.09,,https://github.com/microsoft/autogen,https://github.com/microsoft/autogen,,,active,,2026-07-05
AG102,Agent 프레임워크·오케스트레이션,다중 Agent,CrewAI,Agent 프레임워크,역할 기반 Agent 팀 구성·워크플로우 실행 프레임워크,오픈소스/상용,출연연 업무별 Agent 팀 설계 참고,자체개발 기반 후보,상,중,핵심(즉시),95,확인완료,CrewAI Inc.,,2024,,https://github.com/crewAIInc/crewAI,https://github.com/crewAIInc/crewAI,,,active,,2026-07-05
AG103,Agent 프레임워크·오케스트레이션,상태기반 Agent,LangGraph,Agent 프레임워크,상태기계·그래프 기반 Agent workflow 구성,오픈소스/상용,안정적 Agent workflow 구축 핵심 후보,자체개발 기반 후보,상,중,핵심(즉시),95,확인완료,LangChain,,2024.01,,https://github.com/langchain-ai/langgraph,https://github.com/langchain-ai/langgraph,,,active,,2026-07-05
AG104,Agent 프레임워크·오케스트레이션,RAG·Agent,LlamaIndex Agents,Agent 프레임워크,문서·DB 기반 RAG와 Agent 도구 호출 구성,오픈소스/상용,내부문서·연구DB Agent 구축 참고,자체개발 기반 후보,상,중,핵심(즉시),95,확인완료,LlamaIndex,,2023,,https://github.com/run-llama/llama_index,https://github.com/run-llama/llama_index,,,active,,2026-07-05
AG113,Agent 프레임워크·오케스트레이션,다중 Agent,Microsoft Agent Framework (MAF),Agent 프레임워크,AutoGen과 Semantic Kernel을 통합한 후속 다중 Agent 프레임워크(v1.0),오픈소스(MIT),AutoGen 후속·프로덕션 Agent 프레임워크 참고,자체개발 기반 후보,상,중,핵심(즉시),95,확인완료,Microsoft,Microsoft,2026.04,범위 시작: 2025.10,https://github.com/microsoft/agent-framework,https://github.com/microsoft/agent-framework,,,active,,2026-07-05
AG116,과학 Agent 스킬·로컬 실행 환경,로컬 과학자 앱,K-Dense BYOK,스킬 라이브러리·로컬 실행 환경,"로컬 데스크톱에서 과학 Agent 실행, 스킬·워크플로우·DB 포함",오픈소스·베타,온프레미스·BYOK형 Agent 참고,자체 스킬 라이브러리 참고,상,중,핵심(즉시),95,확인완료,K-Dense Inc.,K-Dense,2026,,https://github.com/K-Dense-AI/k-dense-byok,https://github.com/K-Dense-AI/k-dense-byok,,,active,,2026-07-05
AG117,과학 Agent 스킬·로컬 실행 환경,연구 방법론 스킬,K-Dense science-superpowers,스킬 라이브러리·로컬 실행 환경,"사전등록, 연구 질문 구조화, 재현성 등 컴퓨팅 과학 방법론 스킬",오픈소스,연구 엄밀성·재현성 스킬 참고,자체 스킬 라이브러리 참고,상,중,핵심(즉시),95,확인완료,K-Dense Inc.,K-Dense,2026,,https://github.com/K-Dense-AI/science-superpowers,https://github.com/K-Dense-AI/science-superpowers,,,active,,2026-07-05
AG115,과학 Agent 스킬·로컬 실행 환경,과학 스킬 라이브러리,Scientific Agent Skills,스킬 라이브러리·로컬 실행 환경,생명과학·화학·의학·신약개발 등 140개 이상 과학 스킬 제공,오픈소스,NAIS 과학 Agent 스킬 라이브러리 참고,자체 스킬 라이브러리 참고,상,중,핵심(즉시),95,확인완료,K-Dense Inc.,K-Dense,2026,,https://github.com/K-Dense-AI/scientific-agent-skills,https://github.com/K-Dense-AI/scientific-agent-skills,,,active,,2026-07-05
AG053,문헌조사·학술검색 Agent,보고서 생성,Stanford STORM,오픈소스 Agent·프로젝트,주제 조사 후 위키형 보고서 구조화,오픈소스/연구,기술동향 보고서 Agent 참고,PoC 후보/자체개발 참고,상,중,핵심(즉시),95,확인완료,Stanford OVAL,,2024.04,,https://github.com/stanford-oval/storm,https://github.com/stanford-oval/storm,,,active,,2026-07-05
AG072,화학·신약개발·소재 연구 Agent,화학 도구 Agent,ChemCrow,오픈소스 Agent·프로젝트,"18개 화학 도구를 LLM과 결합해 유기합성, 신약개발, 소재설계 작업 수행",논문·오픈소스,화학·신약개발 Agent 핵심 벤치마킹,PoC 후보/자체개발 참고,상,중,핵심(즉시),95,확인완료,EPFL·Rochester,,2023.04,,https://github.com/ur-whitelab/chemcrow-public,https://github.com/ur-whitelab/chemcrow-public,,,active,,2026-07-05
AG085,화학·신약개발·소재 연구 Agent,반응예측,IBM RXN for Chemistry,도구·DB·계산자원,화학 반응 예측·합성 계획 지원,상용/IBM 서비스,화학 합성 Agent 참고,연계 도구 참고,상,하,관찰(유망·미성숙),91,확인완료,IBM,IBM,2018,,https://rxn.res.ibm.com,,,Agent라기보다 AI 화학 반응예측·합성계획 플랫폼에 가까움.,active,,2026-07-05
AG003,AI 과학자·자율 연구 Agent,가설 생성·검증,Google AI Co-Scientist / Co-Scientist,연구논문·프로토타입,"Gemini 기반 다중 Agent가 가설 생성, 토론, 비판, 개선을 반복하는 연구 파트너형 Agent",공개 연구·Google/DeepMind,출연연 연구기획·가설수립 Agent 설계에 직접 참고,벤치마킹/구조 참고,상,하,관찰(유망·미성숙),88,확인완료,Google DeepMind,Google,2025.02,,https://deepmind.google/blog/co-scientist-a-multi-agent-ai-partner-to-accelerate-research/,,,최초 공개와 후속 공개 시점이 혼재될 수 있어 출시 시기/출처를 구분해 관리 권장.,active,,2026-07-05
AG011,AI 과학자·자율 연구 Agent,가상 연구실,Virtual Lab,연구논문·프로토타입,복수 Agent가 연구실 구성원처럼 역할을 나누어 연구 수행,연구단계,출연연 공동연구 Agent 모델 참고,벤치마킹/구조 참고,상,하,관찰(유망·미성숙),88,확인완료,Stanford (Zou Lab),Stanford-Zou-Lab,2024.11,,https://github.com/zou-group/virtual-lab,https://github.com/zou-group/virtual-lab,,,active,,2026-07-05
AG057,바이오·의생명 연구 Agent,범용 바이오 Agent,Biomni,연구논문·프로토타입,"150개 도구, 59개 DB, 105개 소프트웨어를 통합한 범용 바이오의학 Agent",공개 연구·GitHub,바이오·오믹스 Agent 핵심 벤치마킹,벤치마킹/구조 참고,상,하,관찰(유망·미성숙),88,확인완료,Stanford (Zou Lab),Stanford-Zou-Lab,2025.05,,https://github.com/snap-stanford/Biomni,https://github.com/snap-stanford/Biomni,,,active,,2026-07-05
AG074,화학·신약개발·소재 연구 Agent,합성조건 추천,Chemist-X,연구논문·프로토타입,RAG와 화학 DB를 활용해 반응 조건 추천,논문 연구,화학 합성 지원 Agent 참고,벤치마킹/구조 참고,상,하,관찰(유망·미성숙),88,확인완료,논문/연구,,2023.11,,https://github.com/Nikki0526/ChemistX,https://github.com/Nikki0526/ChemistX,,,active,,2026-07-05
AG073,화학·신약개발·소재 연구 Agent,자율 화학 연구,Coscientist,연구논문·프로토타입,화학 실험 계획과 도구 사용을 자율적으로 수행하는 Agent,논문 연구,자율 실험 Agent 장기 참고,벤치마킹/구조 참고,상,하,관찰(유망·미성숙),88,확인완료,CMU (Gomes Lab),,2023.12,,https://github.com/gomesgroup/coscientist,https://github.com/gomesgroup/coscientist,,,active,,2026-07-05
AG020,AI 과학자·자율 연구 Agent,자율 논문 저술,Carl,상용 Agent·서비스,자율 생성 논문이 ICLR 워크숍 이중맹검 피어리뷰 통과,상용(Autoscience),자율 연구 성숙도 참고,벤치마킹/도입 검토,중,상,후보,75,확인완료,Autoscience Institute,,2025.02,,https://www.autoscience.ai/carl,,,,active,,2026-07-05
AG014,AI 과학자·자율 연구 Agent,자율 발견,Kosmos,상용·플랫폼,데이터와 목표를 입력하면 장시간 연구 캠페인을 수행하는 자율 발견 시스템,상용 플랫폼 중심,고급 자율 연구 Agent 벤치마킹,벤치마킹/도입 검토,중,상,후보,75,확인완료,Edison Scientific,,2025.11,,https://edisonscientific.com,,,,active,,2026-07-05
AG019,AI 과학자·자율 연구 Agent,자율 논문 저술,Zochi,상용 Agent·서비스,"문헌분석부터 피어리뷰 통과 논문까지 자율 수행, ACL 본회의 통과(최초 A* 자율)",상용(Intology),자율 논문 생성 수준 벤치마킹,벤치마킹/도입 검토,중,상,후보,75,확인완료,Intology AI,,2025.03,,https://www.intology.ai,,,,active,,2026-07-05
AG055,문헌조사·학술검색 Agent,학술 도구,Asta,상용·플랫폼,과학 연구·문헌조사 지원 Agent 계열,공개 서비스/추가 검증 필요,조사대상 후보,추가검증 후 장기 참고,중,상,후보,75,확인완료,Allen Institute for AI,AllenAI,2025,,https://asta.allen.ai,,,Asta Agents와 중복 가능. 최종 보고 시 하나의 Agent군으로 통합 검토.,active,,2026-07-05
AG056,문헌조사·학술검색 Agent,학술 도구,Asta Agents,상용·플랫폼,Asta 기반 Agent형 연구 지원 도구,공개 서비스/추가 검증 필요,조사대상 후보,추가검증 후 장기 참고,중,상,후보,75,확인완료,Allen Institute for AI,AllenAI,2025,,https://asta.allen.ai,,AG055,Asta와 중복 가능. 최종 보고 시 하나의 Agent군으로 통합 검토.,active,,2026-07-05
AG046,문헌조사·학술검색 Agent,논문 연결망,Connected Papers,상용 Agent·서비스,논문 그래프 기반 관련 연구 탐색,상용/무료 혼합,문헌 네트워크 분석 참고,벤치마킹/도입 검토,중,상,후보,75,확인완료,Connected Papers,,2020,,https://www.connectedpapers.com,,,,active,,2026-07-05
AG045,문헌조사·학술검색 Agent,논문 맵,Litmaps,상용 Agent·서비스,논문 관계도와 인용 네트워크 기반 탐색,상용/무료 혼합,연구동향 시각화 Agent 참고,벤치마킹/도입 검토,중,상,후보,75,확인완료,Litmaps,,2020,,https://www.litmaps.com,,,,active,,2026-07-05
AG039,문헌조사·학술검색 Agent,연구 어시스턴트,Perplexity Agent Research Assistant,상용 Agent·서비스,검색·조사·요약 중심 연구 보조,상용 서비스,범용 조사 Agent 참고,벤치마킹/도입 검토,중,상,후보,75,확인완료,Perplexity AI,Perplexity,2025,,https://www.perplexity.ai,,,,active,,2026-07-05
AG044,문헌조사·학술검색 Agent,논문 네트워크,ResearchRabbit,상용 Agent·서비스,관련 논문 추천과 연구 네트워크 탐색,상용/무료 혼합,문헌 탐색 UX 참고,벤치마킹/도입 검토,중,상,후보,75,확인완료,ResearchRabbit,,2021,,https://www.researchrabbit.ai,,,,active,,2026-07-05
AG049,문헌조사·학술검색 Agent,논문 Copilot,ScholarCopilot,상용 Agent·서비스,학술문헌 탐색과 요약 보조,공개/상용 여부 추가 검증,논문조사 Agent 참고,추가검증 후 장기 참고,중,상,후보,75,확인완료,TIGER-AI-Lab,,2025,,https://github.com/TIGER-AI-Lab/ScholarCopilot,https://github.com/TIGER-AI-Lab/ScholarCopilot,,,active,,2026-07-05
AG043,문헌조사·학술검색 Agent,리뷰 자동화,SciSpace Deep Review,상용 Agent·서비스,특정 주제에 대한 문헌 리뷰 생성 지원,상용 서비스,리뷰논문·기술동향 조사 Agent 참고,벤치마킹/도입 검토,중,상,후보,75,확인완료,SciSpace,SciSpace,2025,,https://scispace.com,,,,active,,2026-07-05
AG047,문헌조사·학술검색 Agent,심층 학술검색,Undermind,상용 Agent·서비스,연구질문에 맞는 논문을 심층 탐색,상용 서비스,문헌검색 Agent 참고,벤치마킹/도입 검토,중,상,후보,75,확인완료,Undermind AI,,2024,,https://www.undermind.ai,,,,active,,2026-07-05
AG031,민간 AI 과학자 플랫폼·FutureHouse Agent군,생물학 연구,Finch,상용·플랫폼,생명과학 연구 지원 Agent로 공개 소개됨,상용/플랫폼,바이오 연구 Agent 참고,벤치마킹/도입 검토,중,상,후보,75,확인완료,FutureHouse,FutureHouse,2025,,https://platform.futurehouse.org,,,FutureHouse 계열에서는 복잡한 데이터 분석 Agent 성격으로 재검토 권장.,active,,2026-07-05
AG030,민간 AI 과학자 플랫폼·FutureHouse Agent군,실험·데이터 분석,Phoenix,상용·플랫폼,실험·데이터 분석 지원형 Agent로 공개 소개됨,상용/플랫폼,실험데이터 분석 Agent 참고,벤치마킹/도입 검토,중,상,후보,75,확인완료,FutureHouse,FutureHouse,2025.05,,https://platform.futurehouse.org,,,FutureHouse 계열에서는 화학 실험 계획·ChemCrow 배포형 성격으로 재검토 권장.,active,,2026-07-05
AG064,바이오·의생명 연구 Agent,단일세포,CellAgent,연구논문·프로토타입,단일세포 데이터 분석·해석 지원 Agent,연구단계,오믹스 Agent 참고,벤치마킹/구조 참고,상,하,관찰(유망·미성숙),75,부분확인,논문/연구,,2024.07,,https://arxiv.org/abs/2407.09811,,,,active,,2026-07-05
AG099,코딩·연구자동화 Agent,알고리즘 발견,AlphaEvolve,상용 Agent·서비스,진화형 코딩 Agent로 알고리즘·수학 문제를 자율 개선·발견(Gemini 기반),상용/연구(DeepMind),최적화·알고리즘 자동발견 참고,벤치마킹/도입 검토,중,상,후보,75,확인완료,Google DeepMind,Google,2025.05,,https://deepmind.google/discover/blog/alphaevolve-a-gemini-powered-coding-agent-for-designing-advanced-algorithms/,,,[검증완료 2026-07] 일반 공개 안 됨(학계 early access만)이라 도입성숙도 '중' 유지 타당. 자체 도입 시 오픈소스 구현체 OpenEvolve(github.com/codelion/openevolve) 활용 가능.,active,,2026-07-05
AG096,코딩·연구자동화 Agent,자율 개발 Agent,Devin,상용 Agent·서비스,소프트웨어 개발 과업을 자율 수행하는 개발 Agent,상용 서비스,장기 자율 코딩 Agent 벤치마킹,벤치마킹/도입 검토,중,상,후보,75,확인완료,Cognition AI,,2024.03,,https://devin.ai,,,,active,,2026-07-05
AG097,코딩·연구자동화 Agent,범용 업무 Agent,Manus,상용 Agent·서비스,웹·문서·코드 등 일반 업무 자동화 Agent,상용 서비스,범용 연구업무 Agent 참고,벤치마킹/도입 검토,중,상,후보,75,확인완료,Manus AI,,2025.03,,https://manus.im,,,,active,,2026-07-05
AG079,화학·신약개발·소재 연구 Agent,바이오 발견,Amazon Bio Discovery,상용·플랫폼,AWS/Amazon 계열 바이오·신약 발견 플랫폼/서비스,상용·추가 검증 필요,민간 벤치마킹,추가검증 후 장기 참고,중,상,후보,75,확인완료,Amazon (AWS),,2026,,https://aws.amazon.com/biodiscovery/,,,,active,,2026-07-05
AG081,화학·신약개발·소재 연구 Agent,바이오 인텔리전스,BenchSci ASCEND,상용·플랫폼,생명과학·신약개발 의사결정 지원 플랫폼,상용 플랫폼,실험·문헌·타깃 분석 플랫폼 참고,벤치마킹/도입 검토,중,상,후보,75,확인완료,BenchSci,,2024,,https://www.benchsci.com,,,,active,,2026-07-05
AG089,화학·신약개발·소재 연구 Agent,신약개발 플랫폼,BioHive,상용·플랫폼,신약개발·바이오 연구 플랫폼 계열,상용/추가 검증 필요,민간 벤치마킹,추가검증 후 장기 참고,중,상,후보,75,확인완료,Recursion (슈퍼컴퓨터),Recursion,2024,,https://www.recursion.com/platform,,,Agent라기보다 민간 신약개발 플랫폼/인프라로 검토 필요.,active,,2026-07-05
AG087,화학·신약개발·소재 연구 Agent,AI 약물설계,Exscientia Centaur Chemist,상용·플랫폼,인간+AI 협업형 약물설계 접근,민간 상용 플랫폼,AI 신약개발 협업 모델 참고,벤치마킹/도입 검토,중,상,후보,75,확인완료,Exscientia,,2021,,https://www.exscientia.ai,,,,active,,2026-07-05
AG080,화학·신약개발·소재 연구 Agent,AI 신약개발,Insilico Pharma.AI,상용·플랫폼,"타깃 발굴, 후보물질 설계, 임상개발까지 연결하는 AI 신약개발 플랫폼",상용 플랫폼,통합 AI 신약개발 Agent 벤치마킹,벤치마킹/도입 검토,중,상,후보,75,확인완료,Insilico Medicine,,2021,이후 지속,https://insilico.com,,,,active,,2026-07-05
AG083,화학·신약개발·소재 연구 Agent,바이오 가상과학자,Kiin Bio Virtual Scientist Platform,상용·플랫폼,바이오 연구용 가상 연구자 플랫폼,상용/추가 검증 필요,바이오 Agent 벤치마킹,추가검증 후 장기 참고,중,상,후보,75,확인완료,Kiin Bio,Kiin-Bio,2025.06,,https://kiin.bio,,,KiinOS와 같은 플랫폼 계열 가능성이 높아 중복 검토 필요.,active,,2026-07-05
AG082,화학·신약개발·소재 연구 Agent,바이오 가상과학자,KiinOS,상용·플랫폼,신약개발·바이오 연구용 가상 과학자 플랫폼 계열,상용/추가 검증 필요,민간 신약개발 플랫폼 참고,추가검증 후 장기 참고,중,상,후보,75,확인완료,Kiin Bio,Kiin-Bio,2025.06,,https://kiin.bio,,AG083,Kiin Bio Virtual Scientist Platform과 같은 플랫폼 계열 가능성이 높아 중복 검토 필요.,active,,2026-07-05
AG088,화학·신약개발·소재 연구 Agent,신약개발 운영체계,Recursion OS,상용·플랫폼,대규모 생물학·화학 실험데이터 기반 신약개발 운영체계,상용 플랫폼,데이터 중심 신약개발 플랫폼 참고,벤치마킹/도입 검토,중,상,후보,75,확인완료,Recursion Pharmaceuticals,Recursion,2023,,https://www.recursion.com/platform,,,Agent라기보다 민간 AI 신약개발 연구 플랫폼·인프라에 가까움.,active,,2026-07-05
AG084,화학·신약개발·소재 연구 Agent,유전변이 분석,Variant Bio Inference,상용·플랫폼,유전변이·질병 연관 추론 기반 신약개발 플랫폼,상용/추가 검증 필요,바이오마커·타깃 발굴 참고,추가검증 후 장기 참고,중,상,후보,75,확인완료,Variant Bio,,2026.01,,https://www.variantbio.com,,,,active,,2026-07-05
AG005,AI 과학자·자율 연구 Agent,연구 자동화,AI-Researcher,오픈소스 Agent·프로젝트,"연구 주제 탐색, 문헌조사, 실험계획, 논문 생성 계열 Agent",공개 프로젝트·추가 검증 필요,AI 과학자 후보군 참고,추가검증 후 장기 참고,중,중,후보,70,확인완료,HKUDS (홍콩대),,2025,,https://github.com/HKUDS/AI-Researcher,https://github.com/HKUDS/AI-Researcher,,,active,,2026-07-05
AG025,AI 과학자·자율 연구 Agent,실험 자동화,Curie,오픈소스 Agent·프로젝트,엄밀·재현가능한 실험 수행을 자동화하는 연구 실험 Agent 프레임워크,오픈소스·논문,실험 엄밀성·재현성 프레임 참고,PoC 후보/자체개발 참고,중,중,후보,70,확인완료,논문/연구,,2025.02,,https://github.com/Just-Curieous/Curie,https://github.com/Just-Curieous/Curie,,,active,,2026-07-05
AG023,AI 과학자·자율 연구 Agent,연구 전주기 자동화,OpenLens AI,오픈소스 Agent·프로젝트,헬스 인포매틱스 대상 문헌·분석·코드·원고작성 전주기 자동화(VLM 피드백 포함),오픈소스·논문,도메인 특화 전주기 자동화 참고,PoC 후보/자체개발 참고,중,중,후보,70,확인완료,논문/연구,,2025.09,,https://github.com/jarrycyx/openlens-ai,https://github.com/jarrycyx/openlens-ai,,,active,,2026-07-05
AG026,AI 과학자·자율 연구 Agent,가설 검증,POPPER,오픈소스 Agent·프로젝트,순차적 falsification으로 가설을 자동 검증하는 Agent,오픈소스·논문,가설 검증·통계적 엄밀성 참고,PoC 후보/자체개발 참고,중,중,후보,70,확인완료,Stanford (논문),,2025.02,,https://github.com/snap-stanford/POPPER,https://github.com/snap-stanford/POPPER,,,active,,2026-07-05
AG022,AI 과학자·자율 연구 Agent,지식그래프 다중 Agent,SciAgents,오픈소스 Agent·프로젝트,온톨로지 지식그래프 기반 다중 Agent로 과학 가설 생성·확장,오픈소스(MIT),지식그래프 기반 연구기획 Agent 참고,PoC 후보/자체개발 참고,중,중,후보,70,확인완료,MIT (Buehler Lab),,2024.09,,https://github.com/lamm-mit/SciAgentsDiscovery,https://github.com/lamm-mit/SciAgentsDiscovery,,,active,,2026-07-05
AG021,AI 과학자·자율 연구 Agent,범용 과학 연구,SciMaster / X-Master,오픈소스 Agent·프로젝트,EvoMaster 프레임워크 기반 성장형 자율 연구 Agent 생태계(ML·범용 과학),오픈소스(SJTU·DP Tech),범용 과학 연구 Agent 구조 참고,PoC 후보/자체개발 참고,중,중,후보,70,확인완료,SJTU·DP Technology,SJTU-SAI,2025.07,,https://github.com/sjtu-sai-agents/X-Master,https://github.com/sjtu-sai-agents/X-Master,,,active,,2026-07-05
AG024,AI 과학자·자율 연구 Agent,과학계량·연구분석,SciSciGPT,오픈소스 Agent·프로젝트,과학의 과학(science of science) 데이터 분석·연구성과 평가 지원 Agent,오픈소스·논문,연구성과·정책분석 Agent 참고,PoC 후보/자체개발 참고,중,중,후보,70,확인완료,Northwestern CSSI,,2025,,https://github.com/Northwestern-CSSI/SciSciGPT,https://github.com/Northwestern-CSSI/SciSciGPT,,,active,,2026-07-05
AG110,Agent 프레임워크·오케스트레이션,연구 스킬,AI Research Skills Library,스킬 라이브러리·로컬 실행 환경,연구 작업용 스킬 라이브러리 계열,공개/추가 검증 필요,Agent skill 구조 참고,추가검증 후 장기 참고,중,중,후보,70,확인완료,Orchestra Research (오픈소스),,,추가 검증,https://github.com/Orchestra-Research/AI-Research-SKILLs,https://github.com/Orchestra-Research/AI-Research-SKILLs,,,active,,2026-07-05
AG109,Agent 프레임워크·오케스트레이션,Agent 개발,Agno,Agent 프레임워크,Agent 시스템 개발 프레임워크,오픈소스/상용,Agent 플랫폼 후보,자체개발 기반 후보,중,중,후보,70,확인완료,Agno (구 Phidata),,2024,,https://github.com/agno-agi/agno,https://github.com/agno-agi/agno,,,active,,2026-07-05
AG105,Agent 프레임워크·오케스트레이션,다중 Agent,CAMEL,Agent 프레임워크,역할 기반 다중 Agent 커뮤니케이션 프레임워크,오픈소스,다중 Agent 실험 참고,자체개발 기반 후보,중,중,후보,70,확인완료,CAMEL-AI,,2023.03,,https://github.com/camel-ai/camel,https://github.com/camel-ai/camel,,,active,,2026-07-05
AG114,Agent 프레임워크·오케스트레이션,진화형 Agent,EvoMaster,Agent 프레임워크,대규모 Agentic Science를 위한 진화형 기반 Agent 프레임워크(SciMaster 기반),오픈소스·논문,진화형 Agent 기반구조 참고,자체개발 기반 후보,중,중,후보,70,확인완료,SJTU (sjtu-sai-agents),SJTU-SAI,2026.04,,https://github.com/sjtu-sai-agents/EvoMaster,https://github.com/sjtu-sai-agents/EvoMaster,,,active,,2026-07-05
AG112,Agent 프레임워크·오케스트레이션,연구 자동화,HyperResearch,Agent 프레임워크,연구 자동화·문헌조사 계열 Agent,추가 검증 필요,조사대상 후보,추가검증 후 장기 참고,중,중,후보,70,확인완료,Jordan Gibbs (오픈소스),,2026,,https://github.com/jordan-gibbs/hyperresearch,https://github.com/jordan-gibbs/hyperresearch,,출처와 실제 기능 확인 필요. 문헌조사/연구자동화 계열로 장기 참고.,active,,2026-07-05
AG101,Agent 프레임워크·오케스트레이션,다중 Agent,MetaGPT,Agent 프레임워크,소프트웨어 조직 역할을 Agent로 모델링하는 다중 Agent 프레임워크,오픈소스,연구조직형 Agent 구조 참고,자체개발 기반 후보,중,중,후보,70,확인완료,DeepWisdom,,2023.08,,https://github.com/geekan/MetaGPT,https://github.com/geekan/MetaGPT,,,active,,2026-07-05
AG108,Agent 프레임워크·오케스트레이션,경량 Agent,SmolAgents,Agent 프레임워크,경량 Agent 구현 프레임워크,오픈소스,빠른 PoC용 후보,자체개발 기반 후보,중,중,후보,70,확인완료,Hugging Face,,2024.12,,https://github.com/huggingface/smolagents,https://github.com/huggingface/smolagents,,,active,,2026-07-05
AG048,문헌조사·학술검색 Agent,오픈 학술 Agent,OpenScholar,오픈소스 Agent·프로젝트,오픈 학술 검색·답변 Agent 계열,공개 프로젝트,공공 학술 RAG 참고,장기 참고,중,중,후보,70,확인완료,Allen Institute for AI·UW,AllenAI,2024.11,,https://github.com/AkariAsai/OpenScholar,https://github.com/AkariAsai/OpenScholar,,,active,,2026-07-05
AG035,민간 AI 과학자 플랫폼·FutureHouse Agent군,Agent 학습환경,Aviary,Agent 프레임워크,언어모델에 과학 도구를 제공하는 Agent 학습·실행 환경(LDP),오픈소스,Agent 학습·평가 환경 참고,자체개발 기반 후보,중,중,후보,70,확인완료,FutureHouse,FutureHouse,2024.12,,https://github.com/Future-House/aviary,https://github.com/Future-House/aviary,,,active,,2026-07-05
AG078,화학·신약개발·소재 연구 Agent,화학정보,CACTUS,도구·DB·계산자원,화학 구조·명명·식별자 처리와 연결 가능한 화학정보 자원/도구 계열,공개 자원,화합물 표준화·DB 연계 참고,연계 도구 참고,중,하,후보,66,확인완료,PNNL,,2024.05,,https://github.com/pnnl/cactus,https://github.com/pnnl/cactus,,Agent라기보다 화학정보 도구·자원에 가까움. 유형을 '도구·DB'로 관리 권장.,active,,2026-07-05
AG086,화학·신약개발·소재 연구 Agent,자동합성,RoboRXN,도구·DB·계산자원,IBM RXN과 로봇 실험을 연결한 자동 합성 플랫폼,연구/상용 이력,실험실 자동화 Agent 참고,연계 도구 참고,중,하,후보,66,확인완료,IBM,IBM,2020,,https://rxn.res.ibm.com,,AG085,Agent라기보다 자동합성 플랫폼/시스템에 가까움.,active,,2026-07-05
AG008,AI 과학자·자율 연구 Agent,자율 연구,AutoResearch,연구논문·프로토타입,연구 주제 탐색과 자료조사 자동화 계열 Agent,연구단계·추가 검증 필요,조사대상 후보,추가검증 후 장기 참고,중,하,후보,63,확인완료,Andrej Karpathy (오픈소스),,2025,,https://github.com/karpathy/autoresearch,https://github.com/karpathy/autoresearch,,,active,,2026-07-05
AG010,AI 과학자·자율 연구 Agent,과학 도구 사용,SciToolAgent,연구논문·프로토타입,과학 도구를 LLM Agent가 호출하여 분석 수행,연구단계,과학도구 호출형 Agent 설계 참고,벤치마킹/구조 참고,중,하,후보,63,확인완료,浙江大 (HICAI-ZJU),,2025.07,,https://github.com/HICAI-ZJU/SciToolAgent,https://github.com/HICAI-ZJU/SciToolAgent,,,active,,2026-07-05
AG052,문헌조사·학술검색 Agent,연구조사,ARISE,연구논문·프로토타입,연구조사·문헌 기반 Agent 계열,연구단계·추가 검증 필요,조사대상 후보,추가검증 후 장기 참고,중,하,후보,63,확인완료,abekek (오픈소스),,2025,,https://github.com/abekek/arise,https://github.com/abekek/arise,,,active,,2026-07-05
AG050,문헌조사·학술검색 Agent,서베이 생성,SurveyX,연구논문·프로토타입,연구 주제 서베이·리뷰 생성 지원,연구단계,문헌리뷰 Agent 참고,벤치마킹/구조 참고,중,하,후보,63,확인완료,IAAR-Shanghai,,2025.02,,https://github.com/IAAR-Shanghai/SurveyX,https://github.com/IAAR-Shanghai/SurveyX,,,active,,2026-07-05
AG070,바이오·의생명 연구 Agent,세포 데이터,CellAtria,연구논문·프로토타입,세포·오믹스 데이터 분석 Agent 계열,연구단계·추가 검증 필요,바이오데이터 Agent 후보,추가검증 후 장기 참고,중,하,후보,63,확인완료,AstraZeneca,,2025.07,,https://github.com/AstraZeneca/cellatria,https://github.com/AstraZeneca/cellatria,,,active,,2026-07-05
AG066,바이오·의생명 연구 Agent,세포 분석,CellVoyager,연구논문·프로토타입,세포 데이터 탐색·분석 Agent 계열,연구단계·추가 검증 필요,바이오데이터 시각화 참고,추가검증 후 장기 참고,중,하,후보,63,확인완료,Stanford (Zou Lab),Stanford-Zou-Lab,2025.06,,https://github.com/zou-group/CellVoyager,https://github.com/zou-group/CellVoyager,,,active,,2026-07-05
AG068,바이오·의생명 연구 Agent,실험분석,ELISA,연구논문·프로토타입,생명과학 실험·데이터 분석 Agent 계열,연구단계·추가 검증 필요,실험데이터 Agent 후보,추가검증 후 장기 참고,중,하,후보,63,확인완료,Scientist.com,,2024.06,,https://www.scientist.com,,,,active,,2026-07-05
AG065,바이오·의생명 연구 Agent,공간오믹스,SpatialAgent,연구논문·프로토타입,공간전사체·공간오믹스 분석 지원 Agent,연구단계,첨단 오믹스 Agent 참고,벤치마킹/구조 참고,중,하,후보,63,확인완료,Genentech,,2025.04,,https://github.com/Genentech/SpatialAgent,https://github.com/Genentech/SpatialAgent,,,active,,2026-07-05
AG060,바이오·의생명 연구 Agent,치료제 연구,TxAgent,연구논문·프로토타입,치료제·약물 연구 관련 분석 지원 Agent,연구단계,신약개발·치료제 Agent 참고,벤치마킹/구조 참고,중,하,후보,63,확인완료,Harvard (Zitnik Lab),Harvard-Zitnik-Lab,2025.03,,https://github.com/mims-harvard/TxAgent,https://github.com/mims-harvard/TxAgent,,,active,,2026-07-05
AG076,화학·신약개발·소재 연구 Agent,화학 Agent,ChemAgent,연구논문·프로토타입,ChemCrow 기반 확장·평가형 화학 Agent,논문 연구,화학 문제 해결 Agent 참고,벤치마킹/구조 참고,중,하,후보,63,확인완료,Yale (Gerstein Lab),,2025.01,,https://github.com/gersteinlab/ChemAgent,https://github.com/gersteinlab/ChemAgent,,,active,,2026-07-05
AG075,화학·신약개발·소재 연구 Agent,화학 문제 Agent,ChemToolAgent,연구논문·프로토타입,화학 도구 사용이 LLM Agent 성능에 미치는 영향 평가용 Agent,논문 연구,도구기반 화학 Agent 설계 참고,벤치마킹/구조 참고,중,하,후보,63,확인완료,Ohio State (OSU-NLP),,2024.11,,https://github.com/OSU-NLP-Group/ChemToolAgent,https://github.com/OSU-NLP-Group/ChemToolAgent,,,active,,2026-07-05
AG007,AI 과학자·자율 연구 Agent,다중 Agent 연구,AutoScientists,오픈소스 Agent·프로젝트,중앙 조율자 없이 자기조직화하는 분산형 AI 연구팀. 장기 실험에서 가설별 팀 구성·상호비판·성공/실패 공유 수행,오픈소스,다중 Agent 연구조직 설계 참고,추가검증 후 장기 참고,중,하,후보,95,확인완료,Harvard (Zitnik Lab),Harvard-Zitnik-Lab,2026.05,,https://arxiv.org/abs/2605.28655,https://github.com/mims-harvard/AutoScientists,,"[검증완료 2026-07] provider '논문/연구'→Harvard Zitnik Lab, verify 부분확인→확인완료, 유형 격상. arxiv 2605.28655 실재, Claude Code 서브에이전트로 코드 공개.",active,,2026-07-05
AG009,AI 과학자·자율 연구 Agent,HPC 연구 Agent,LARA-HPC,연구논문·프로토타입,고성능컴퓨팅 환경에서 연구 작업 자동화 지원,연구단계·추가 검증 필요,KISTI·슈퍼컴퓨팅 연계 가능성 검토,추가검증 후 장기 참고,중,하,후보,50,부분확인,논문/연구,,2026.04,,https://arxiv.org/abs/2604.22571,,,,active,,2026-07-05
AG012,AI 과학자·자율 연구 Agent,AI 연구 커뮤니티,The AI Scientific Community: Agentic Virtual Lab Swarms,연구논문·프로토타입,여러 AI 연구자 Agent가 공동으로 아이디어를 생성·평가하는 구조,연구단계,다기관 공동연구 Agent 개념 참고,벤치마킹/구조 참고,중,하,후보,50,부분확인,Texas A&M (Braga-Neto),,2026.03,,https://arxiv.org/abs/2603.21344,,,기존 명칭을 정확화: 'The AI Scientific Community: Agentic Virtual Lab Swarms'. 개별 Agent 제품이 아니라 Agentic Virtual Lab Swarm 개념/프레임워크로 분류 권장.,active,,2026-07-05
AG111,Agent 프레임워크·오케스트레이션,추론·연구,AI-Q,Agent 프레임워크,AI 연구·질의응답 계열 Agent/도구,추가 검증 필요,조사대상 후보,단순 참고,하,중,참고,50,확인완료,NVIDIA,,2025,,https://github.com/NVIDIA-AI-Blueprints/aiq,https://github.com/NVIDIA-AI-Blueprints/aiq,,출처와 실제 기능 확인 필요. 우선순위 낮게 유지.,active,,2026-07-05
AG107,Agent 프레임워크·오케스트레이션,자율 Agent,AgentGPT,Agent 프레임워크,웹 기반 목표수행 Agent,공개/오픈소스 계열,범용 Agent UX 참고,단순 참고,하,중,참고,50,확인완료,Reworkd,,2023.04,,https://github.com/reworkd/AgentGPT,https://github.com/reworkd/AgentGPT,,,active,,2026-07-05
AG106,Agent 프레임워크·오케스트레이션,자율 Agent,AutoGPT,Agent 프레임워크,목표 기반 자율 Agent 초기 대표 사례,오픈소스,"역사적 참고, 직접 도입 우선순위는 낮음",단순 참고,하,중,참고,50,확인완료,Significant Gravitas,,2023.03,,https://github.com/Significant-Gravitas/AutoGPT,https://github.com/Significant-Gravitas/AutoGPT,,,active,,2026-07-05
AG051,문헌조사·학술검색 Agent,서베이 생성,SurveyGen-I,연구논문·프로토타입,자동 서베이 논문 생성 계열 Agent,연구단계,리뷰 생성 Agent 참고,벤치마킹/구조 참고,중,하,후보,50,부분확인,논문/연구 (UvA),,2025.08,,https://arxiv.org/abs/2508.14317,,,,active,,2026-07-05
AG062,바이오·의생명 연구 Agent,CAR-T 개발,Bio AI Agent,연구논문·프로토타입,"CAR-T 타깃 발굴, 독성 예측, 분자설계, 특허·임상 전환 Agent 포함",논문 연구,항체·세포치료 Agent 참고,벤치마킹/구조 참고,중,하,후보,50,부분확인,논문/연구 (Ni·Zhu·Li),,2025.11,,https://arxiv.org/abs/2511.08649,,,,active,,2026-07-05
AG059,바이오·의생명 연구 Agent,바이오 발견,BioDiscoveryAgent,연구논문·프로토타입,바이오 지식·데이터 기반 발견 지원 Agent,연구단계·추가 검증 필요,바이오 Agent 후보,추가검증 후 장기 참고,중,하,후보,50,부분확인,Stanford (논문),,2024.05,,https://arxiv.org/abs/2405.17631,,,,active,,2026-07-05
AG063,바이오·의생명 연구 Agent,바이오 VLA,BioProVLA-Agent,연구논문·프로토타입,바이오 분야 vision-language-action Agent 계열,연구단계·추가 검증 필요,실험 자동화 장기 참고,추가검증 후 장기 참고,중,하,후보,50,부분확인,논문/연구,,2026.05,,https://arxiv.org/abs/2605.07306,,,,active,,2026-07-05
AG067,바이오·의생명 연구 Agent,세포 분석,CellMaster,연구논문·프로토타입,세포 분석·세포유형 해석 Agent 계열,연구단계·추가 검증 필요,단일세포 Agent 참고,추가검증 후 장기 참고,중,하,후보,50,부분확인,논문/연구,,2026.02,,https://github.com/AnonymousGym/CellMaster,https://github.com/AnonymousGym/CellMaster,,,active,,2026-07-05
AG061,바이오·의생명 연구 Agent,질병 치료,CureAgent,연구논문·프로토타입,질병·치료 전략 탐색 계열 Agent,연구단계·추가 검증 필요,바이오·의료 Agent 후보,추가검증 후 장기 참고,중,하,후보,50,부분확인,논문/연구,,2025.12,,https://arxiv.org/abs/2512.05576,,,,active,,2026-07-05
AG069,바이오·의생명 연구 Agent,의생명 연구,Medea,연구논문·프로토타입,오믹스 목표를 받아 계획·코드실행·문헌추론·합의 4개 모듈로 투명한 다단계 분석 수행(20개 도구),오픈소스·논문,바이오·의료 Agent 후보,추가검증 후 장기 참고,상,하,관찰(유망·미성숙),88,확인완료,Harvard (Zitnik Lab),Harvard-Zitnik-Lab,2026.01,,https://www.biorxiv.org/content/10.64898/2026.01.16.696667v1,https://github.com/mims-harvard/MEDEA,,"[검증완료 2026-07] DOI 10.64898은 openRxiv 신규 접두사로 정상(오류 아님). provider Broad→Harvard Zitnik Lab, verify 부분확인→확인완료, GitHub 코드 공개.",active,,2026-07-05
AG071,바이오·의생명 연구 Agent,자기진화형 바이오 Agent,STELLA,연구논문·프로토타입,Tool Ocean과 Template Library를 확장하며 자기진화하는 바이오의학 Agent,논문 연구,도구 자동확장형 Bio Agent 참고,벤치마킹/구조 참고,중,하,후보,50,부분확인,논문/연구,,2025.07,,https://arxiv.org/abs/2507.02004,,,,active,,2026-07-05
AG077,화학·신약개발·소재 연구 Agent,화학 도구 개선,ChemHAS,연구논문·프로토타입,여러 화학 Agent 구조를 stacking해 화학 도구 예측오차를 보정,논문 연구,도구 조합·평가 프레임 참고,벤치마킹/구조 참고,중,하,후보,50,부분확인,논문/연구,,2025.05,,https://arxiv.org/abs/2505.21569,,,,active,,2026-07-05
AG006,AI 과학자·자율 연구 Agent,심층 연구 자동화,Deep Researcher Agent,조사후보·추가검증,웹·문헌 기반 다단계 조사와 연구보고서 생성,공개 프로젝트·추가 검증 필요,문헌조사 Agent 벤치마킹,추가검증 후 장기 참고,중,하,후보,35,추가검증 필요,다수 구현 존재(추가 검증),,,추가 검증,https://github.com/langchain-ai/open_deep_research,https://github.com/langchain-ai/open_deep_research,,,active,,2026-07-05
AG118,AI 과학자·자율 연구 Agent,,SAGE (Self-correcting Autonomous Grounded Experimenter),연구논문·프로토타입,실험 실패 시 다중 가설 기반 오류 귀인을 통해 자율 연구 에이전트의 회복력을 개선하는 시스템.,,,,중,하,후보,50,부분확인,,,2026-06-30,,http://arxiv.org/abs/2606.31478v1,,,[자동 2026-07] arxiv 수집·API 판정,active,,2026-07-06
AG119,AI 과학자·자율 연구 Agent,,The Calibration Turn in AI-Assisted Research: A Conceptual and Methodological Framework for Evidence-Licensed Claims,연구논문·프로토타입,AI 기반 과학 연구에서 과학적 주장의 증거 기반 신뢰성을 평가하고 보정하기 위한 개념·방법론 프레임워크를 제시한다.,,,,중,하,후보,50,부분확인,,,2026-06-30,,http://arxiv.org/abs/2606.31273v1,,,[자동 2026-07] arxiv 수집·API 판정,active,,2026-07-06
AG120,AI 과학자·자율 연구 Agent,,Agentic-Ideation: Sample Efficient Agentic Trajectories Synthesis for Scientific Ideation Agents,연구논문·프로토타입,과학 아이디어이션을 위해 사전정의된 워크플로우 대신 유연한 추론 프레임워크와 자율적 도구 활용으로 학습하는 에이전트 LLM 시스템.,,,,중,하,후보,50,부분확인,,,2026-06-30,,http://arxiv.org/abs/2606.31229v1,,,[자동 2026-07] arxiv 수집·API 판정,active,,2026-07-06
AG121,AI 과학자·자율 연구 Agent,,AHOIS,연구논문·프로토타입,물리 시스템 탐색에서 소크라테스식 질문과 폐루프 실험을 통해 가설을 비판적으로 검증하고 자율적으로 과학 발견을 수행하는 멀티에이전트 AI 시스템,,,,중,하,후보,50,부분확인,,,2026-06-25,미래공개예정,http://arxiv.org/abs/2606.26722v1,,,[자동 2026-07] arxiv 수집·API 판정,active,,2026-07-06
AG122,AI 과학자·자율 연구 Agent,,"Position: Correct Answer, Wrong Mechanism -- When AI Scientists Defend General Claims Their Own Data Contradicts",연구논문·프로토타입,코딩 에이전트가 물리 시뮬레이션에서 입자 식별 관측값을 재발견하는 과정에서 결과는 맞지만 메커니즘이 틀린 경우를 평가하는 연구.,,,,중,하,후보,50,부분확인,,,2026-06-22,,http://arxiv.org/abs/2606.23175v1,,,[자동 2026-07] arxiv 수집·API 판정,active,,2026-07-06
AG123,AI 과학자·자율 연구 Agent,,AI Scientists as Engines of Discovery: A Case for Development within Reformed Institutions,연구논문·프로토타입,"문헌종합, 코드생성, 데이터분석, 가설제안, 모델비판을 수행하는 다중에이전트 AI 과학자 시스템의 개발과 제도적 배치 논의",,,,중,하,관찰(유망·미성숙),75,부분확인,,,2026-06-22,,http://arxiv.org/abs/2606.22859v1,,,[자동 2026-07] arxiv 수집·API 판정,active,,2026-07-06
AG124,AI 과학자·자율 연구 Agent,,Measuring Biological Capabilities and Risks of AI Agents,연구논문·프로토타입,AI 에이전트의 생물학적 능력과 위험을 평가하기 위한 벤치마크 및 평가 방법론 제시,,,,중,하,후보,50,부분확인,,,2026-06-18,,http://arxiv.org/abs/2606.19899v1,,,[자동 2026-07] arxiv 수집·API 판정,active,,2026-07-06
AG125,AI 과학자·자율 연구 Agent,,Xcientist,연구논문·프로토타입,"연구 문헌, 실험 검증, 개선 과정을 외재화하여 AI 과학 워크플로우의 추론 과정을 투명하고 검증 가능하게 만드는 연구 프레임워크.",,,,중,하,후보,50,부분확인,,,2026-06-17,,http://arxiv.org/abs/2606.18874v2,,,[자동 2026-07] arxiv 수집·API 판정,active,,2026-07-06
AG126,AI 과학자·자율 연구 Agent,,(Human) Attention Is (Still) All You Need: Human oversight makes AI-assisted social science reliable,연구논문·프로토타입,인간-AI 협력 루프 기반 의사결정 구조를 통해 LLM 활용 사회과학 연구의 신뢰성을 향상시키는 프레임워크,,,,중,하,후보,50,부분확인,,,2026-06-11,,http://arxiv.org/abs/2606.12848v1,,,[자동 2026-07] arxiv 수집·API 판정,active,,2026-07-06
AG127,AI 과학자·자율 연구 Agent,신약개발·자산평가,AI Scientists Are Only as Good as Their Evidence: A Stratified Ablation of Proprietary Data and Reasoning Skills in Drug-Asset Valuation,연구논문·프로토타입,신약 자산 평가를 위해 증거 기반 데이터와 추론 능력의 역할을 체계적으로 검증하는 AI 에이전트 연구.,,,,중,하,후보,50,부분확인,,,2026-06-08,미래,http://arxiv.org/abs/2606.09556v1,,,[자동 2026-07] arxiv 수집·API 판정,active,,2026-07-06
AG128,AI 과학자·자율 연구 Agent,,Grounded autonomous research: a fault-tolerant LLM pipeline from corpus to manuscript in frontier computational physics,연구논문·프로토타입,"물리과학 논문 코퍼스에서 출발하여 문헌 검증을 통해 신뢰성을 확보하는 자율 연구 에이전트 파이프라인으로, 계산물리학 분야에서 출판 수준의 원고까지 자동 생성한다.",,,,중,하,관찰(유망·미성숙),75,부분확인,,,2026-07-02,미래 공개 예정,http://arxiv.org/abs/2607.02329v1,,,[자동 2026-07] arxiv 수집·API 판정,active,,2026-07-06
AG129,Agent 프레임워크·오케스트레이션,,Clarus: Coordinating Autonomous Research Agents toward Web-Scale Scientific Collaboration,연구논문·프로토타입,"AI 시스템, 인간 연구자, 팀, 장비 등 다양한 참여자와 자원을 협력 기반으로 조율하는 자율 연구 에이전트 조율 인프라.",,,,중,하,관찰(유망·미성숙),75,부분확인,,,2026-06-29,arXiv 사전공개,http://arxiv.org/abs/2606.30246v1,,,[자동 2026-07] arxiv 수집·API 판정,active,,2026-07-06
AG130,Agent 프레임워크·오케스트레이션,,EurekAgent,연구논문·프로토타입,LLM 기반 에이전트가 과학 발견을 자율적으로 수행할 수 있도록 환경 설계와 인터페이스를 최적화하는 에이전트 환경 공학 접근법.,,,,중,하,후보,50,부분확인,,,2026-06-11,,http://arxiv.org/abs/2606.13662v2,,,[자동 2026-07] arxiv 수집·API 판정,active,,2026-07-06
AG131,AI 과학자·자율 연구 Agent,,Deterministic Integrity Gates for LLM-Assisted Clinical Manuscript Preparation,연구논문·프로토타입,"LLM 기반 임상 논문 작성 시 생성과 검증을 통합하여 조작된 인용문, 수치 오류, 보고 지침 미충족을 감지하는 감시 아키텍처.",,,,중,하,후보,50,부분확인,,,2026-06-08,,http://arxiv.org/abs/2606.09500v4,,,[자동 2026-07] arxiv 수집·API 판정,active,,2026-07-06
AG132,AI 과학자·자율 연구 Agent,,Act As a Real Researcher: A Suite of Benchmarks Evaluating Frontier LLMs and Agentic Harnesses in Research Lifecycle,연구논문·프로토타입,연구 생명주기에서 자율 연구 에이전트의 성능을 평가하는 벤치마크 스위트 AARR,,,,중,하,후보,50,부분확인,,,2026-06-05,,http://arxiv.org/abs/2606.07462v1,,,[자동 2026-07] arxiv 수집·API 판정,active,,2026-07-06
AG133,AI 과학자·자율 연구 Agent,,ScientistOne,연구논문·프로토타입,검증 가능한 증거 추적(Chain-of-Evidence)을 유지하며 문헌조사부터 논문 작성까지 자율 수행하는 연구 에이전트.,,,,중,하,후보,50,부분확인,,,2026-05-25,프리프린트,http://arxiv.org/abs/2605.26340v1,,,[자동 2026-07] arxiv 수집·API 판정,active,,2026-07-06
AG134,코딩·연구자동화 Agent,,1GC-7RC: One Graphic Card -- Seven Research Challenges,연구논문·프로토타입,"ML 모델 설계·구현·학습을 자동화하는 AI 에이전트의 능력을 평가하는 벤치마크로, 언어모델링·이미지분류·의미분할·그래프학습·표형예측·시계열예측·텍스트분류 등 7가지 ML 작업을 포함한다.",,,,중,하,후보,50,부분확인,,,2026-05-16,미발표(예정),http://arxiv.org/abs/2605.17046v2,,,[자동 2026-07] arxiv 수집·API 판정,active,,2026-07-06
AG135,AI 과학자·자율 연구 Agent,,GEAR: Genetic AutoResearch for Agentic Code Evolution,연구논문·프로토타입,유전 알고리즘 기반의 집단 탐색으로 머신러닝 실험을 자동화하는 자율 연구 에이전트로서 단일 경로 탐색 대신 여러 유망한 연구 상태를 병렬로 유지·진화시킨다.,,,,중,하,후보,50,부분확인,,,2026-05-08,,http://arxiv.org/abs/2605.13874v1,,,[자동 2026-07] arxiv 수집·API 판정,active,,2026-07-06
AG136,AI 과학자·자율 연구 Agent,공간데이터과학,NORA: A Harness-Engineered Autonomous Research Agent for End-to-End Spatial Data Science,연구논문·프로토타입,GIS와 공간데이터과학 연구 전주기를 자동화하는 21개 도메인특화 스킬 기반 멀티에이전트 시스템,,,,중,하,후보,50,부분확인,,,2026-05-03,미발표,http://arxiv.org/abs/2605.02092v1,,,[자동 2026-07] arxiv 수집·API 판정,active,,2026-07-06
AG137,Agent 프레임워크·오케스트레이션,,SciTrace: Trajectory-Aware Safety Reasoning for Scientific Discovery Agents,연구논문·프로토타입,과학 발견 에이전트의 추론 단계마다 안전성 검사를 통합하여 다단계 도구 호출의 누적 피해를 방지하는 프레임워크,,,,중,하,관찰(유망·미성숙),75,부분확인,,,2026-06-06,,http://arxiv.org/abs/2606.08234v1,,,[자동 2026-07] arxiv 수집·API 판정,active,,2026-07-06
AG138,AI 과학자·자율 연구 Agent,,AIBuildAI-2,연구논문·프로토타입,자동화된 AI 모델 구축 에이전트로 아키텍처 설계부터 학습 파이프라인까지 과학 발견 과정을 지능형 에이전트가 자동화하는 시스템,,,,중,하,후보,50,부분확인,,,2026-05-27,미출판,http://arxiv.org/abs/2605.27873v1,,,[자동 2026-07] arxiv 수집·API 판정,active,,2026-07-06
AG139,AI 과학자·자율 연구 Agent,,EvoMaster: A Foundational Evolving Agent Framework for Agentic Science at Scale,연구논문·프로토타입,"과학적 방법을 반영하여 가설 반복 개선, 자기 비판, 지식 축적을 통해 자율 진화하는 에이전트 프레임워크",,,,중,하,후보,50,부분확인,,,2026-04-19,,http://arxiv.org/abs/2604.17406v4,,,[자동 2026-07] arxiv 수집·API 판정,active,,2026-07-06
AG140,Agent 프레임워크·오케스트레이션,,ThunderAgent,연구논문·프로토타입,LLM 추론과 도구 실행을 통합 스케줄링하여 멀티턴 에이전트 워크플로우의 KV 캐시와 자원 할당을 최적화하는 시스템,,,,중,하,후보,50,부분확인,,,2026-02-14,,http://arxiv.org/abs/2602.13692v3,,,[자동 2026-07] arxiv 수집·API 판정,active,,2026-07-06
AG141,AI 과학자·자율 연구 Agent,,Accelerating Scientific Discovery with Autonomous Goal-evolving Agents,연구논문·프로토타입,과학자가 지정한 목적함수의 한계를 극복하기 위해 LLM 에이전트가 이중 루프 구조로 목표함수를 자동 설계하며 최적화하는 자율 과학 에이전트.,,,,중,하,후보,50,부분확인,,,2025-12-25,,http://arxiv.org/abs/2512.21782v2,,,[자동 2026-07] arxiv 수집·API 판정,active,,2026-07-06
AG142,AI 과학자·자율 연구 Agent,,DISCOVERYWORLD,연구논문·프로토타입,가상 환경에서 과학 에이전트의 자동 발견 능력을 개발·평가하는 벤치마크 플랫폼,,,,중,하,후보,50,부분확인,,,2024-06-10,공개,http://arxiv.org/abs/2406.06769v2,,,[자동 2026-07] arxiv 수집·API 판정,active,,2026-07-06
AG143,AI 과학자·자율 연구 Agent,,Hephaestus: Toward a Cybersecurity AI Scientist,연구논문·프로토타입,사이버보안 영역의 비정상 환경에 맞춰 보안 이벤트와 상호작용 추적을 자동으로 분석하는 AI 과학 에이전트,,,,중,하,후보,50,부분확인,,,2026-06-29,,http://arxiv.org/abs/2606.29981v1,,,[자동 2026-07] arxiv 수집·API 판정,active,,2026-07-06
AG144,AI 과학자·자율 연구 Agent,,"NanoResearch: Co-Evolving Skills, Memory, and Policy for Personalized Research Automation",연구논문·프로토타입,연구자의 리소스·선호도·출력 형식에 맞춰 연구 자동화를 개인화하는 다중 에이전트 시스템.,,,,중,하,후보,50,부분확인,,,2026-05-11,,http://arxiv.org/abs/2605.10813v2,,,[자동 2026-07] arxiv 수집·API 판정,active,,2026-07-06
AG145,AI 과학자·자율 연구 Agent,,AutoSOTA,연구논문·프로토타입,최신 SOTA 모델을 자동으로 재현하고 경험적으로 개선하는 엔드-투-엔드 자동화 연구 시스템,,,,상,하,관찰(유망·미성숙),75,부분확인,,,2026-04-07,미래,http://arxiv.org/abs/2604.05550v2,,,[자동 2026-07] arxiv 수집·API 판정,active,,2026-07-06
AG146,AI 과학자·자율 연구 Agent,,HLER: Human-in-the-Loop Economic Research via Multi-Agent Pipelines for Empirical Discovery,연구논문·프로토타입,"경제학 실증연구를 위해 인간 개입을 통합한 다중 에이전트 파이프라인으로 데이터 기반 연구 질문 생성, 식별전략 설계, 분석을 자동화한다.",,,,중,하,후보,50,부분확인,,,2026-03-08,,http://arxiv.org/abs/2603.07444v1,,,[자동 2026-07] arxiv 수집·API 판정,active,,2026-07-06
AG147,Agent 프레임워크·오케스트레이션,,DOVA: Deliberation-First Multi-Agent Orchestration for Autonomous Research Automation,연구논문·프로토타입,"메타추론 기반 다중에이전트 오케스트레이션으로 복잡한 연구작업에서 도구호출, 추론, 코드생성을 조율하는 자율연구 플랫폼.",,,,중,하,관찰(유망·미성숙),75,부분확인,,,2026-03-04,,http://arxiv.org/abs/2603.13327v1,,,[자동 2026-07] arxiv 수집·API 판정,active,,2026-07-06
